Name,Description,Ingredient1,Ingredient2,Image
Biscuit,,Lemon,Vanilla,cookie.png
Bread,,Lime,Vanilla,buns.png
Bagel,,Carrot,Vanilla,bagel.png
Roll,,Ginger,Vanilla,dinnerolls.png
Bun,,Cocoa,Vanilla,buns.png
Muffin,,Mint,Vanilla,muffin.png
Brownie,,Pepper,Vanilla,brownie.png
Cake,,Apple,Vanilla,cake-slice.png
Cookie,,Cherry,Vanilla,cookie.png
Cracker,,Lime,Lemon,cracker.png
Pastry,,Carrot,Lemon,strudle-apple.png
Pie,,Ginger,Lemon,pie-apple.png
Tart,,Cocoa,Lemon,tart.png
Torte,,Mint,Lemon,tart.png
Viennoiserie,,Pepper,Lemon,cake-full.png
Flatbread,,Apple,Lemon,flatbread.png
Donut,,Cherry,Lemon,doughnut.png
Strudel,,Carrot,Lime,strudle.png
Pudding,,Ginger,Lime,pudding.png
Beaver Tail,,Cocoa,Lime,faltbread.png
Canoli,,Mint,Lime,strudel-apple.png
Cinnamon Roll,,Pepper,Lime,whoopie.png
Ã‰clair,,Apple,Lime,eclaire.png
Baguette,,Cherry,Lime,dinnerolls.png
Crepes,,Ginger,Carrot,crepe.png
Croissant,,Cocoa,Carrot,croissant.png
Cronut,,Mint,Carrot,doughnut.png
Croquembouche,,Pepper,Carrot,truffle.png
Puff,,Apple,Carrot,crepe2.png
Danish,,Cherry,Carrot,strudel-apple.png
Macaron,,Cocoa,Ginger,cookie.png
Mooncake,,Mint,Ginger,mooncake.png
Pain au chocolat,,Pepper,Ginger,eclaire.png
Profiterole,,Apple,Ginger,eclaire.png
Sad cake,,Cherry,Ginger,cake-sad-cherry.png
Turnover,,Mint,Cocoa,strudel-apple.png
Bonbons,,Pepper,Cocoa,bonbons.png
Cupcake,,Apple,Cocoa,cupcake.png
Souffle,,Cherry,Cocoa,souffle.png
Mousse,,Pepper,Mint,mousse.png
Gingerbread,,Apple,Mint,gingerbread.png
Fancies,,Cherry,Mint,crepe.png
Mochi,,Apple,Pepper,mochi.png
Sweetroll,,Cherry,Pepper,dinnerolls.png
Battenberg,,Cherry,Apple,cake-full.png